Industry,Date,Effluent_Volume_Liters,Chemical_Type,Chemical_Concentration_ppm,Weather_Condition,Water_Level_m,Production_Scale,Regulatory_Limit_ppm,pH,TDS_ppm,Conductivity_uS
Steel Plant D,2023-01-01,1095,Chromium,7.79,Sunny,0.9,Low,1.98,6.04,262,749.93
Pharmaceutical Plant E,2023-01-02,1228,Lead,7.73,Sunny,2.03,Medium,2.61,6.62,465,1177.31
Textile Factory C,2023-01-03,1865,Chromium,8.46,Rainy,0.84,High,4.58,8.14,1649,1025.63
Pharmaceutical Plant E,2023-01-04,4992,Chromium,7.63,Sunny,2.38,High,1.0,7.16,1362,1100.17
Pharmaceutical Plant E,2023-01-05,1198,Cadmium,6.3,Rainy,2.14,High,4.61,7.99,171,764.27
Paper Mill B,2023-01-06,895,Mercury,1.4,Cloudy,2.89,High,1.62,7.04,1568,968.45
Textile Factory C,2023-01-07,4671,Lead,0.42,Rainy,0.67,Low,4.96,7.17,754,1218.01
Textile Factory C,2023-01-08,4860,Cadmium,9.22,Rainy,0.64,High,4.82,6.48,1945,626.93
Textile Factory C,2023-01-09,3002,Mercury,6.2,Cloudy,1.21,Medium,2.98,6.77,1632,1218.67
Pharmaceutical Plant E,2023-01-10,2319,Mercury,7.99,Sunny,1.15,Low,3.05,7.82,1918,908.42
Steel Plant D,2023-01-11,1217,Arsenic,4.87,Rainy,1.12,High,2.93,7.3,368,290.56
Textile Factory C,2023-01-12,3282,Lead,1.26,Rainy,2.77,Low,3.54,8.32,1876,85.79
Pharmaceutical Plant E,2023-01-13,4077,Mercury,1.34,Cloudy,1.12,Medium,1.36,8.56,514,575.99
Paper Mill B,2023-01-14,643,Cadmium,6.89,Sunny,1.18,High,1.13,7.62,1368,842.71
Steel Plant D,2023-01-15,3640,Arsenic,4.36,Rainy,2.4,Medium,1.23,8.27,1115,1267.74
Paper Mill B,2023-01-16,4991,Lead,2.09,Cloudy,1.62,High,2.78,6.92,774,234.85
Steel Plant D,2023-01-17,3438,Chromium,4.97,Rainy,2.44,High,2.1,7.24,1183,1210.3
Pharmaceutical Plant E,2023-01-18,4136,Cadmium,0.74,Stormy,0.66,High,3.49,8.14,105,1301.36
Chemical Plant A,2023-01-19,3722,Mercury,5.86,Cloudy,1.72,High,4.97,7.16,1832,268.5
Steel Plant D,2023-01-20,1667,Mercury,2.76,Sunny,0.58,High,2.55,7.77,1081,1284.81
Paper Mill B,2023-01-21,3116,Cadmium,8.0,Sunny,0.66,Low,3.3,6.56,669,1487.61
Pharmaceutical Plant E,2023-01-22,1562,Mercury,3.17,Sunny,2.77,High,2.66,7.8,1940,1103.92
Steel Plant D,2023-01-23,2656,Arsenic,4.61,Sunny,0.85,High,4.39,8.58,506,1187.92
Chemical Plant A,2023-01-24,3482,Lead,0.22,Rainy,1.83,Low,4.61,8.61,1340,1491.9
Chemical Plant A,2023-01-25,3794,Arsenic,0.82,Rainy,1.53,Low,4.51,8.17,125,927.95
Textile Factory C,2023-01-26,1656,Mercury,3.99,Sunny,1.37,Low,4.9,8.24,1938,496.44
Textile Factory C,2023-01-27,1232,Chromium,4.85,Sunny,2.75,Low,1.11,7.67,1128,1264.42
Paper Mill B,2023-01-28,4830,Lead,6.04,Sunny,0.55,Low,4.36,7.75,1085,941.0
Steel Plant D,2023-01-29,1453,Lead,2.99,Rainy,2.16,Low,4.01,6.4,1655,892.73
Steel Plant D,2023-01-30,3039,Cadmium,6.98,Sunny,2.91,High,1.91,7.33,489,417.77
Textile Factory C,2023-01-31,3824,Cadmium,8.62,Sunny,1.9,High,4.83,7.35,809,1146.68
Steel Plant D,2023-02-01,3801,Chromium,7.82,Stormy,2.84,Medium,1.59,8.88,670,168.42
Steel Plant D,2023-02-02,2042,Lead,0.49,Stormy,0.63,High,3.72,7.29,1571,1390.22
Chemical Plant A,2023-02-03,1691,Chromium,4.86,Sunny,1.55,High,1.9,7.65,853,522.44
Textile Factory C,2023-02-04,3493,Cadmium,1.14,Cloudy,1.15,Low,2.73,7.6,245,235.27
Pharmaceutical Plant E,2023-02-05,3181,Cadmium,2.5,Sunny,2.33,Low,3.88,7.91,1511,691.43
Textile Factory C,2023-02-06,1717,Lead,9.87,Stormy,2.95,High,3.25,8.24,884,111.58
Pharmaceutical Plant E,2023-02-07,2040,Arsenic,1.51,Cloudy,1.14,Medium,2.71,6.68,1372,1042.71
Chemical Plant A,2023-02-08,3736,Mercury,5.04,Cloudy,2.14,Low,2.31,7.59,625,1358.92
Paper Mill B,2023-02-09,2886,Cadmium,6.22,Sunny,1.0,High,4.36,8.48,1585,1264.03
Steel Plant D,2023-02-10,4219,Cadmium,7.05,Stormy,1.91,High,1.58,7.39,112,234.69
Chemical Plant A,2023-02-11,1888,Arsenic,5.64,Stormy,1.66,Medium,2.72,6.84,1002,233.09
Steel Plant D,2023-02-12,2356,Arsenic,0.2,Cloudy,2.93,Medium,4.62,7.96,483,1229.48
Paper Mill B,2023-02-13,1865,Chromium,3.33,Sunny,2.02,Low,4.38,8.47,655,1390.17
Paper Mill B,2023-02-14,999,Chromium,5.23,Rainy,1.37,Medium,2.6,6.19,986,717.97
Chemical Plant A,2023-02-15,2180,Mercury,0.97,Rainy,0.79,High,4.05,8.33,1522,773.51
Paper Mill B,2023-02-16,1010,Mercury,3.57,Stormy,0.88,High,4.29,8.46,118,511.48
Pharmaceutical Plant E,2023-02-17,4812,Lead,0.43,Rainy,1.06,Medium,4.56,7.38,674,1346.68
Paper Mill B,2023-02-18,1824,Chromium,0.88,Stormy,1.13,Medium,3.18,8.95,1614,985.11
Steel Plant D,2023-02-19,1655,Cadmium,4.03,Stormy,2.63,Medium,1.82,8.36,850,467.96
Steel Plant D,2023-02-20,2327,Chromium,1.41,Stormy,1.9,Medium,2.02,8.32,1103,483.24
Steel Plant D,2023-02-21,3641,Cadmium,5.72,Rainy,1.81,Low,2.18,8.24,518,1342.24
Steel Plant D,2023-02-22,3986,Arsenic,6.93,Stormy,0.79,Medium,3.38,6.45,1460,69.77
Pharmaceutical Plant E,2023-02-23,2310,Chromium,8.03,Cloudy,2.65,Low,1.13,6.65,518,517.95
Textile Factory C,2023-02-24,3423,Arsenic,2.08,Sunny,2.31,High,3.54,7.39,1735,853.82
Chemical Plant A,2023-02-25,2714,Mercury,1.76,Sunny,0.67,Medium,2.46,6.79,1798,264.92
Steel Plant D,2023-02-26,4686,Mercury,1.14,Stormy,2.27,Low,2.18,7.25,221,183.54
Paper Mill B,2023-02-27,1213,Lead,6.4,Sunny,1.86,Medium,4.52,8.67,531,1232.15
Steel Plant D,2023-02-28,4102,Chromium,7.09,Rainy,0.7,High,2.84,8.47,143,1346.89
Paper Mill B,2023-03-01,4634,Arsenic,0.41,Rainy,1.65,High,1.38,7.89,1995,1244.23
Paper Mill B,2023-03-02,4022,Cadmium,9.37,Sunny,1.71,High,4.31,8.57,1440,1353.24
Steel Plant D,2023-03-03,4768,Mercury,0.61,Rainy,0.91,Medium,1.19,8.35,480,852.01
Pharmaceutical Plant E,2023-03-04,1743,Mercury,5.46,Sunny,2.86,Medium,3.91,7.29,244,1227.77
Paper Mill B,2023-03-05,4209,Cadmium,7.12,Sunny,2.62,Low,4.1,6.6,1450,606.86
Paper Mill B,2023-03-06,1581,Arsenic,8.72,Sunny,2.17,High,2.41,7.54,462,1016.09
Steel Plant D,2023-03-07,955,Arsenic,7.17,Stormy,1.66,Medium,4.3,8.21,1173,1483.81
Paper Mill B,2023-03-08,1394,Chromium,8.04,Sunny,1.53,High,3.06,7.31,1188,377.31
Paper Mill B,2023-03-09,1884,Chromium,3.46,Stormy,2.13,High,2.85,8.0,454,615.35
Steel Plant D,2023-03-10,2458,Lead,8.17,Sunny,1.86,Low,1.18,6.28,899,746.07
Steel Plant D,2023-03-11,3572,Mercury,0.89,Sunny,0.66,Low,2.16,8.24,1287,250.12
Chemical Plant A,2023-03-12,2496,Chromium,8.96,Sunny,1.78,Low,4.72,8.44,1264,167.51
Pharmaceutical Plant E,2023-03-13,4785,Arsenic,5.52,Rainy,2.52,Low,2.57,8.12,925,1253.1
Pharmaceutical Plant E,2023-03-14,1004,Cadmium,8.19,Stormy,1.65,High,3.19,8.9,1251,1466.35
Paper Mill B,2023-03-15,1714,Arsenic,4.58,Stormy,0.63,Low,3.13,8.48,497,636.85
Pharmaceutical Plant E,2023-03-16,2031,Mercury,6.47,Sunny,2.47,Low,3.36,8.71,979,177.09
Paper Mill B,2023-03-17,3940,Arsenic,5.31,Sunny,1.0,Low,1.25,8.8,562,145.43
Chemical Plant A,2023-03-18,1323,Lead,7.34,Rainy,1.15,Low,2.45,8.4,1874,1342.41
Steel Plant D,2023-03-19,1428,Mercury,0.91,Rainy,0.91,High,3.89,8.02,1959,722.53
Steel Plant D,2023-03-20,633,Cadmium,0.7,Rainy,1.33,Low,1.8,6.02,907,514.04
Steel Plant D,2023-03-21,2605,Lead,2.55,Stormy,2.39,High,1.81,7.4,286,740.87
Pharmaceutical Plant E,2023-03-22,4127,Mercury,1.68,Stormy,1.8,Medium,1.04,7.71,1843,511.54
Chemical Plant A,2023-03-23,2352,Cadmium,8.73,Stormy,1.01,High,2.75,6.91,831,759.1
Pharmaceutical Plant E,2023-03-24,4675,Lead,2.27,Sunny,2.69,High,4.53,6.95,1313,1296.36
Pharmaceutical Plant E,2023-03-25,3433,Lead,9.76,Stormy,2.7,Low,1.21,8.88,1511,908.84
Chemical Plant A,2023-03-26,3784,Mercury,3.44,Cloudy,2.68,Medium,1.76,8.68,528,1057.25
Chemical Plant A,2023-03-27,4798,Chromium,1.9,Cloudy,1.1,Medium,2.24,8.55,957,578.77
Chemical Plant A,2023-03-28,3311,Lead,7.92,Rainy,1.63,Medium,3.93,7.22,1407,1120.83
Chemical Plant A,2023-03-29,1750,Lead,6.62,Stormy,2.96,Medium,3.56,6.04,1987,1016.59
Steel Plant D,2023-03-30,4012,Cadmium,5.03,Cloudy,2.43,High,2.66,6.24,336,223.36
Textile Factory C,2023-03-31,1756,Arsenic,5.6,Rainy,0.57,Medium,4.04,6.94,1317,880.33
Textile Factory C,2023-04-01,3876,Mercury,7.22,Stormy,0.66,High,3.44,6.05,1410,422.28
Chemical Plant A,2023-04-02,3986,Mercury,2.36,Sunny,1.66,High,4.58,6.05,870,1215.94
Textile Factory C,2023-04-03,4084,Chromium,9.96,Cloudy,2.77,High,4.27,8.75,857,667.61
Textile Factory C,2023-04-04,1896,Chromium,9.75,Sunny,1.85,Medium,2.01,8.12,235,1492.29
Chemical Plant A,2023-04-05,4137,Mercury,6.54,Stormy,1.74,Low,2.09,6.93,891,184.13
Textile Factory C,2023-04-06,3830,Chromium,2.08,Cloudy,0.76,Low,1.5,6.4,1906,1181.5
Pharmaceutical Plant E,2023-04-07,3203,Cadmium,6.83,Stormy,2.14,Medium,2.35,7.53,270,1026.87
Paper Mill B,2023-04-08,970,Mercury,0.81,Sunny,2.56,Low,5.0,6.02,258,1162.87
Paper Mill B,2023-04-09,1853,Chromium,0.4,Cloudy,1.45,Low,2.62,8.82,300,495.92
Chemical Plant A,2023-04-10,3283,Mercury,2.65,Sunny,2.44,High,1.88,7.24,1610,763.48
Steel Plant D,2023-04-11,3331,Arsenic,4.68,Stormy,2.91,High,4.05,7.21,1680,1204.94
Chemical Plant A,2023-04-12,857,Lead,8.7,Stormy,1.01,Medium,3.17,7.17,1061,387.18
Steel Plant D,2023-04-13,3519,Mercury,7.3,Sunny,1.81,Medium,1.6,6.21,1899,377.75
Paper Mill B,2023-04-14,1167,Lead,7.45,Cloudy,1.22,Low,2.52,7.91,682,849.02
Chemical Plant A,2023-04-15,4968,Chromium,4.31,Sunny,2.48,High,2.66,8.2,1627,809.17
Pharmaceutical Plant E,2023-04-16,1645,Lead,3.52,Stormy,1.94,Medium,4.02,8.03,975,459.28
Textile Factory C,2023-04-17,4685,Mercury,3.77,Sunny,2.09,Medium,1.08,6.42,470,482.21
Steel Plant D,2023-04-18,4219,Arsenic,9.88,Stormy,2.49,Medium,2.08,7.74,202,452.88
Textile Factory C,2023-04-19,3245,Chromium,0.5,Sunny,1.49,Medium,3.07,7.71,1101,1168.69
Textile Factory C,2023-04-20,1039,Mercury,8.68,Cloudy,2.79,Medium,2.08,8.61,1248,995.26
Chemical Plant A,2023-04-21,3279,Chromium,5.83,Cloudy,1.83,Medium,3.51,7.14,1436,1257.0
Textile Factory C,2023-04-22,4636,Cadmium,4.44,Sunny,0.89,Low,2.93,7.11,1075,1464.44
Pharmaceutical Plant E,2023-04-23,4275,Lead,7.28,Sunny,2.24,High,2.45,7.86,897,737.54
Textile Factory C,2023-04-24,3008,Cadmium,4.92,Cloudy,2.48,High,4.8,7.9,1581,146.71
Chemical Plant A,2023-04-25,3279,Mercury,8.75,Stormy,1.29,Medium,3.53,7.41,1353,119.73
Pharmaceutical Plant E,2023-04-26,1424,Arsenic,9.02,Cloudy,2.64,High,1.52,7.33,757,478.71
Paper Mill B,2023-04-27,3456,Chromium,4.28,Stormy,2.77,High,3.24,7.48,981,1402.19
Textile Factory C,2023-04-28,2081,Lead,2.84,Sunny,1.19,High,4.12,8.58,1320,808.66
Chemical Plant A,2023-04-29,3824,Chromium,5.96,Sunny,2.96,Medium,3.83,7.38,832,444.09
Paper Mill B,2023-04-30,4985,Mercury,9.13,Stormy,0.85,Medium,1.69,8.82,522,628.79
Paper Mill B,2023-05-01,755,Chromium,2.19,Sunny,1.01,High,4.89,7.51,671,917.96
Steel Plant D,2023-05-02,2338,Lead,6.27,Stormy,0.96,High,2.8,8.85,1733,996.78
Pharmaceutical Plant E,2023-05-03,2444,Mercury,6.35,Rainy,2.73,Medium,1.64,8.5,270,273.18
Textile Factory C,2023-05-04,509,Chromium,7.36,Cloudy,2.14,Low,1.72,7.09,1505,1466.7
Chemical Plant A,2023-05-05,3371,Arsenic,1.4,Rainy,0.88,High,1.39,8.59,272,839.92
Steel Plant D,2023-05-06,1297,Mercury,7.19,Stormy,1.6,Low,4.21,6.33,762,246.75
Pharmaceutical Plant E,2023-05-07,1515,Mercury,9.1,Cloudy,2.04,High,1.49,8.78,552,1345.77
Steel Plant D,2023-05-08,2324,Arsenic,1.88,Stormy,0.71,Low,1.5,7.89,449,158.23
Pharmaceutical Plant E,2023-05-09,4969,Cadmium,2.45,Cloudy,2.71,Low,4.4,6.16,1757,1366.22
Pharmaceutical Plant E,2023-05-10,3636,Lead,9.72,Cloudy,2.51,Low,2.38,7.93,593,1495.02
Textile Factory C,2023-05-11,2693,Cadmium,1.89,Cloudy,1.76,Medium,1.12,8.92,719,1065.63
Pharmaceutical Plant E,2023-05-12,723,Chromium,8.56,Cloudy,2.92,Low,1.21,6.21,1127,1167.15
Steel Plant D,2023-05-13,4658,Arsenic,4.97,Stormy,1.54,Low,1.57,7.66,1216,539.09
Pharmaceutical Plant E,2023-05-14,4425,Cadmium,2.55,Cloudy,2.96,Low,1.85,8.24,1018,1415.29
Textile Factory C,2023-05-15,4500,Mercury,8.72,Cloudy,2.17,High,3.66,8.43,105,818.09
Textile Factory C,2023-05-16,2133,Chromium,4.51,Rainy,2.09,Low,1.63,7.24,387,1111.96
Steel Plant D,2023-05-17,2652,Chromium,5.2,Sunny,0.91,High,1.48,6.61,1741,1389.96
Paper Mill B,2023-05-18,1010,Cadmium,3.66,Sunny,2.7,Low,4.06,6.13,1269,1464.01
Paper Mill B,2023-05-19,884,Cadmium,5.97,Rainy,1.57,Low,3.68,7.74,1906,1258.15
Pharmaceutical Plant E,2023-05-20,904,Arsenic,1.72,Rainy,0.91,Medium,2.74,7.36,1547,489.38
Chemical Plant A,2023-05-21,2500,Lead,3.97,Stormy,0.53,High,3.2,8.85,707,1451.49
Pharmaceutical Plant E,2023-05-22,3256,Cadmium,9.7,Stormy,1.9,Low,2.25,6.18,556,960.77
Steel Plant D,2023-05-23,2168,Cadmium,2.66,Stormy,1.82,High,2.93,8.06,1864,1399.43
Steel Plant D,2023-05-24,1960,Mercury,6.6,Rainy,2.3,High,3.03,6.07,1325,1030.35
Steel Plant D,2023-05-25,4136,Chromium,3.32,Rainy,2.73,Medium,2.55,6.51,1335,495.5
Steel Plant D,2023-05-26,3224,Lead,7.76,Cloudy,0.7,Medium,4.63,7.36,1129,586.54
Steel Plant D,2023-05-27,4678,Mercury,1.4,Stormy,2.33,Medium,1.06,7.36,723,848.18
Textile Factory C,2023-05-28,2548,Arsenic,9.7,Stormy,0.97,Medium,4.13,8.06,475,1195.52
Paper Mill B,2023-05-29,4646,Arsenic,4.59,Stormy,2.65,Medium,1.5,8.73,546,511.07
Steel Plant D,2023-05-30,1216,Cadmium,2.44,Sunny,2.55,Medium,4.19,7.92,934,890.61
Chemical Plant A,2023-05-31,2323,Cadmium,0.83,Cloudy,1.85,Medium,3.46,8.86,1229,551.16
Chemical Plant A,2023-06-01,2581,Arsenic,1.78,Stormy,2.28,Medium,4.37,8.64,1774,1232.87
Chemical Plant A,2023-06-02,3919,Cadmium,5.25,Stormy,1.29,Low,1.39,7.75,910,726.76
Chemical Plant A,2023-06-03,2074,Lead,3.44,Stormy,1.68,High,3.24,8.5,1524,161.25
Textile Factory C,2023-06-04,749,Cadmium,8.31,Sunny,2.55,Medium,3.0,7.93,1219,290.78
Chemical Plant A,2023-06-05,1173,Chromium,4.37,Sunny,1.65,Medium,3.82,6.24,1511,138.6
Steel Plant D,2023-06-06,2665,Cadmium,2.56,Rainy,1.39,High,3.14,8.22,1058,773.99
Pharmaceutical Plant E,2023-06-07,1270,Mercury,6.21,Cloudy,1.74,Low,3.16,6.28,1575,204.19
Chemical Plant A,2023-06-08,4462,Lead,7.1,Rainy,2.57,High,2.72,7.78,948,215.5
Textile Factory C,2023-06-09,4863,Mercury,1.75,Cloudy,1.34,High,2.24,8.11,908,1414.52
Textile Factory C,2023-06-10,2484,Mercury,1.76,Sunny,0.93,Medium,2.93,6.2,1078,1315.35
Chemical Plant A,2023-06-11,1577,Chromium,0.46,Stormy,2.28,High,1.47,6.69,515,705.53
Pharmaceutical Plant E,2023-06-12,735,Lead,7.39,Rainy,2.56,High,4.85,8.75,825,1479.42
Chemical Plant A,2023-06-13,888,Lead,6.67,Stormy,0.75,Medium,3.86,7.85,1627,50.27
Textile Factory C,2023-06-14,3537,Lead,4.8,Rainy,1.1,Medium,4.81,6.74,553,940.27
Paper Mill B,2023-06-15,2348,Lead,8.46,Sunny,0.85,Medium,1.91,8.07,1414,943.82
Steel Plant D,2023-06-16,3314,Lead,8.08,Sunny,1.37,Medium,4.52,7.79,1657,713.29
Textile Factory C,2023-06-17,3874,Chromium,5.9,Sunny,1.63,High,4.24,7.5,1316,625.57
Chemical Plant A,2023-06-18,3778,Cadmium,8.7,Rainy,2.37,High,3.71,8.93,249,710.31
Steel Plant D,2023-06-19,1752,Mercury,2.14,Cloudy,2.13,Low,3.5,8.05,858,651.69
Chemical Plant A,2023-06-20,4481,Lead,1.21,Rainy,2.05,Low,2.27,7.13,878,1109.21
Chemical Plant A,2023-06-21,2622,Cadmium,2.77,Cloudy,1.38,High,4.27,8.4,1072,246.27
Paper Mill B,2023-06-22,2650,Cadmium,0.67,Rainy,2.6,Low,3.01,8.65,862,336.58
Steel Plant D,2023-06-23,1829,Mercury,5.36,Rainy,1.68,High,1.28,6.38,1101,311.75
Steel Plant D,2023-06-24,1858,Chromium,9.37,Sunny,2.95,Low,2.25,6.6,1638,430.58
Paper Mill B,2023-06-25,2982,Arsenic,0.49,Stormy,2.09,Medium,4.74,6.65,1516,811.62
Textile Factory C,2023-06-26,2517,Arsenic,1.31,Stormy,0.82,Low,4.4,8.07,1439,211.25
Chemical Plant A,2023-06-27,1831,Cadmium,4.58,Cloudy,2.19,Medium,4.93,7.81,175,1308.85
Pharmaceutical Plant E,2023-06-28,4844,Mercury,9.35,Stormy,1.31,Medium,3.51,7.86,698,481.17
Chemical Plant A,2023-06-29,4761,Arsenic,3.23,Rainy,2.22,Medium,1.99,8.82,1393,285.68
Chemical Plant A,2023-06-30,1858,Cadmium,5.12,Rainy,0.67,Medium,1.65,8.33,324,1029.65
Textile Factory C,2023-07-01,3677,Chromium,0.51,Sunny,0.94,Low,1.75,6.38,1653,105.23
Chemical Plant A,2023-07-02,2628,Arsenic,1.57,Sunny,2.64,High,1.08,7.04,212,948.95
Paper Mill B,2023-07-03,2680,Cadmium,9.87,Stormy,1.07,Medium,2.56,7.31,350,1062.39
Paper Mill B,2023-07-04,637,Cadmium,9.65,Cloudy,2.59,Low,1.77,7.19,1356,361.63
Steel Plant D,2023-07-05,3972,Lead,0.15,Stormy,1.2,Medium,2.65,8.01,940,110.85
Pharmaceutical Plant E,2023-07-06,3332,Chromium,9.52,Stormy,2.11,Low,4.74,8.68,1914,577.29
Chemical Plant A,2023-07-07,4079,Lead,6.43,Stormy,2.24,Low,2.72,6.92,813,192.96
Chemical Plant A,2023-07-08,3531,Mercury,8.69,Stormy,1.78,Low,4.51,7.66,1206,218.89
Textile Factory C,2023-07-09,4664,Lead,4.6,Rainy,1.26,High,3.42,8.37,224,418.68
Paper Mill B,2023-07-10,3093,Lead,5.2,Cloudy,1.03,Low,1.99,7.25,1298,478.43
Pharmaceutical Plant E,2023-07-11,4800,Arsenic,4.94,Rainy,0.58,Low,2.42,6.5,1192,818.46
Steel Plant D,2023-07-12,4318,Cadmium,6.7,Cloudy,1.26,High,1.34,7.42,1170,1033.67
Paper Mill B,2023-07-13,4638,Chromium,1.48,Sunny,2.13,High,2.33,6.17,983,909.52
Steel Plant D,2023-07-14,4323,Lead,0.4,Stormy,2.85,Low,3.71,8.83,1379,265.12
Textile Factory C,2023-07-15,4542,Chromium,3.15,Rainy,2.68,High,1.29,6.22,1850,299.52
Textile Factory C,2023-07-16,2406,Lead,7.08,Cloudy,2.42,Medium,1.82,7.32,129,1324.22
Chemical Plant A,2023-07-17,1260,Mercury,2.1,Sunny,2.47,Medium,2.53,7.59,380,859.61
Pharmaceutical Plant E,2023-07-18,3945,Lead,6.77,Sunny,2.16,High,4.93,8.96,1023,1311.41
Steel Plant D,2023-07-19,1399,Arsenic,9.7,Stormy,1.15,High,4.14,6.5,1360,588.74
Paper Mill B,2023-07-20,4955,Cadmium,1.03,Cloudy,2.77,Low,3.93,6.34,1371,940.88
Textile Factory C,2023-07-21,3447,Mercury,6.76,Rainy,2.18,High,1.46,6.03,467,809.31
Chemical Plant A,2023-07-22,2219,Lead,4.49,Stormy,1.9,Low,4.12,6.47,594,512.73
Chemical Plant A,2023-07-23,780,Chromium,8.69,Rainy,0.78,Medium,4.14,6.62,1148,731.38
Steel Plant D,2023-07-24,3766,Mercury,1.85,Sunny,1.62,High,3.4,7.89,1709,778.61
Textile Factory C,2023-07-25,2387,Mercury,6.96,Rainy,1.65,Low,4.96,6.66,817,341.12
Pharmaceutical Plant E,2023-07-26,3766,Lead,8.4,Rainy,2.66,Low,2.3,6.06,1613,506.77
Textile Factory C,2023-07-27,1166,Mercury,9.45,Stormy,1.87,Medium,4.77,8.48,1116,1197.54
Steel Plant D,2023-07-28,4688,Chromium,6.86,Rainy,1.45,High,4.66,7.1,1617,1377.89
Steel Plant D,2023-07-29,1171,Mercury,5.02,Stormy,2.94,Medium,1.05,7.06,1437,571.7
Textile Factory C,2023-07-30,2469,Chromium,6.22,Sunny,0.78,Low,2.8,6.91,705,495.11
Steel Plant D,2023-07-31,4656,Lead,8.7,Stormy,1.56,Low,4.91,8.93,474,333.04
Textile Factory C,2023-08-01,3622,Cadmium,5.75,Stormy,0.61,High,1.41,6.51,738,1033.81
Paper Mill B,2023-08-02,4400,Mercury,0.4,Cloudy,2.35,Low,3.19,8.69,1148,518.49
Textile Factory C,2023-08-03,1023,Cadmium,9.32,Rainy,2.8,High,4.92,8.33,1457,1482.24
Textile Factory C,2023-08-04,2893,Chromium,6.93,Sunny,1.2,Medium,3.22,6.23,1478,522.24
Steel Plant D,2023-08-05,3617,Mercury,6.8,Stormy,2.65,High,1.76,8.96,215,621.5
Steel Plant D,2023-08-06,3093,Arsenic,2.24,Sunny,1.23,High,3.33,6.81,147,924.83
Chemical Plant A,2023-08-07,2468,Cadmium,6.62,Cloudy,2.78,Low,1.82,6.3,1861,1212.44
Chemical Plant A,2023-08-08,2253,Mercury,4.0,Rainy,2.38,Low,3.08,8.49,1901,730.8
Paper Mill B,2023-08-09,2796,Cadmium,6.55,Stormy,2.51,High,1.3,8.12,198,662.85
Chemical Plant A,2023-08-10,2761,Mercury,1.16,Rainy,0.55,Low,3.42,7.85,1582,1493.67
Textile Factory C,2023-08-11,2786,Lead,6.61,Cloudy,2.91,Low,3.07,6.47,1646,65.22
Steel Plant D,2023-08-12,4702,Cadmium,9.99,Cloudy,2.32,Low,3.96,7.44,1720,1347.84
Chemical Plant A,2023-08-13,3378,Arsenic,0.58,Sunny,1.26,High,3.52,8.34,504,266.25
Chemical Plant A,2023-08-14,4643,Arsenic,9.77,Stormy,2.57,Low,3.2,6.91,1337,1189.59
Paper Mill B,2023-08-15,4144,Chromium,4.13,Sunny,1.2,High,3.76,6.94,784,946.0
Paper Mill B,2023-08-16,4932,Mercury,8.72,Cloudy,2.68,Low,1.58,6.01,1002,545.68
Textile Factory C,2023-08-17,2555,Cadmium,7.85,Rainy,0.78,Medium,3.38,6.52,602,1317.12
Steel Plant D,2023-08-18,1776,Chromium,5.71,Sunny,2.26,Low,1.69,8.63,1844,68.72
Paper Mill B,2023-08-19,3266,Cadmium,7.41,Sunny,1.85,Low,4.7,7.33,1571,378.7
Chemical Plant A,2023-08-20,802,Mercury,8.8,Rainy,0.74,High,1.27,8.95,993,871.99
Steel Plant D,2023-08-21,1138,Arsenic,4.1,Sunny,1.1,High,2.72,7.19,1699,559.74
Steel Plant D,2023-08-22,555,Lead,3.34,Rainy,0.53,Low,3.78,8.15,357,935.05
Chemical Plant A,2023-08-23,1025,Arsenic,6.71,Stormy,1.67,Medium,2.83,6.85,943,84.96
Paper Mill B,2023-08-24,4623,Chromium,8.1,Rainy,1.25,Low,1.37,7.09,220,218.87
Chemical Plant A,2023-08-25,2625,Lead,7.65,Stormy,2.0,Low,3.21,6.57,909,234.29
Steel Plant D,2023-08-26,3787,Chromium,8.0,Rainy,1.24,Medium,3.57,7.04,1077,324.46
Pharmaceutical Plant E,2023-08-27,864,Mercury,4.41,Cloudy,1.25,High,3.82,7.64,153,716.03
Pharmaceutical Plant E,2023-08-28,2146,Lead,8.2,Cloudy,2.36,Low,2.49,8.98,1118,1140.59
Textile Factory C,2023-08-29,1418,Chromium,1.29,Stormy,0.62,High,3.25,7.99,1454,1363.03
Chemical Plant A,2023-08-30,3297,Mercury,5.49,Stormy,2.76,High,2.8,6.6,883,1261.29
Chemical Plant A,2023-08-31,2031,Arsenic,0.16,Cloudy,2.63,Medium,3.69,6.13,340,335.49
Textile Factory C,2023-09-01,3845,Mercury,3.31,Stormy,2.17,Medium,3.33,6.38,1878,689.67
Textile Factory C,2023-09-02,2406,Cadmium,3.73,Rainy,1.98,High,3.1,7.69,1653,339.15
Textile Factory C,2023-09-03,3586,Mercury,4.02,Rainy,2.73,Low,2.0,8.3,582,433.48
Steel Plant D,2023-09-04,2575,Mercury,6.99,Cloudy,0.96,High,1.01,8.82,1112,780.14
Chemical Plant A,2023-09-05,1213,Cadmium,3.95,Sunny,0.7,Low,1.7,6.05,286,148.76
Steel Plant D,2023-09-06,1562,Chromium,4.54,Rainy,1.1,Low,1.47,7.57,1981,366.35
Textile Factory C,2023-09-07,2476,Chromium,2.45,Stormy,2.49,Medium,2.8,7.41,755,1406.3
Chemical Plant A,2023-09-08,1796,Mercury,3.8,Sunny,0.59,Low,3.45,7.97,361,725.87
Steel Plant D,2023-09-09,625,Cadmium,2.35,Sunny,1.96,Low,1.85,7.68,1052,695.81
Steel Plant D,2023-09-10,4096,Cadmium,0.82,Rainy,2.99,High,4.76,8.06,1487,71.12
Textile Factory C,2023-09-11,3783,Arsenic,6.07,Rainy,2.64,Medium,1.03,7.97,590,408.73
Chemical Plant A,2023-09-12,2103,Chromium,6.72,Sunny,1.8,Low,4.09,6.35,530,1306.12
Textile Factory C,2023-09-13,566,Lead,6.23,Sunny,0.66,Low,3.5,8.4,338,288.71
Chemical Plant A,2023-09-14,732,Chromium,4.69,Cloudy,2.58,Medium,2.49,6.37,403,651.93
Pharmaceutical Plant E,2023-09-15,2656,Chromium,3.86,Stormy,2.0,High,1.2,8.1,397,70.78
Paper Mill B,2023-09-16,1669,Arsenic,8.65,Cloudy,0.79,Medium,3.51,7.25,175,743.59
Paper Mill B,2023-09-17,2658,Lead,5.24,Rainy,0.73,Medium,2.54,7.54,1823,80.48
Paper Mill B,2023-09-18,4706,Arsenic,4.84,Cloudy,2.77,Low,4.75,8.71,1456,1238.43
Textile Factory C,2023-09-19,1993,Lead,0.35,Cloudy,2.17,Low,3.17,8.67,1098,1246.04
Pharmaceutical Plant E,2023-09-20,4507,Mercury,3.48,Cloudy,2.57,High,4.76,8.45,1881,1192.23
Chemical Plant A,2023-09-21,2972,Lead,3.86,Cloudy,2.7,Low,1.88,7.53,741,460.88
Steel Plant D,2023-09-22,3160,Arsenic,4.05,Stormy,1.93,Low,3.9,8.21,1597,1263.99
Chemical Plant A,2023-09-23,3239,Chromium,5.84,Stormy,1.79,Medium,3.47,7.54,926,837.35
Steel Plant D,2023-09-24,2261,Lead,5.38,Sunny,1.58,Low,3.96,8.61,382,592.02
Chemical Plant A,2023-09-25,4014,Lead,6.12,Rainy,1.29,High,1.86,7.21,690,956.73
Pharmaceutical Plant E,2023-09-26,2475,Cadmium,7.67,Cloudy,1.59,Medium,3.66,8.91,171,67.89
Steel Plant D,2023-09-27,2862,Chromium,8.15,Sunny,2.43,High,2.99,8.8,1386,257.29
Textile Factory C,2023-09-28,1376,Mercury,7.21,Sunny,2.0,Medium,3.97,8.22,802,1126.33
Chemical Plant A,2023-09-29,4312,Arsenic,9.56,Sunny,2.73,Low,2.31,6.84,674,404.03
Chemical Plant A,2023-09-30,3948,Mercury,0.28,Stormy,1.61,Medium,4.56,6.39,1099,917.11
Steel Plant D,2023-10-01,1812,Chromium,2.04,Cloudy,2.02,Medium,1.34,8.56,991,608.4
Textile Factory C,2023-10-02,1960,Lead,0.17,Cloudy,2.08,Low,4.23,6.5,111,1289.47
Textile Factory C,2023-10-03,3209,Lead,6.51,Rainy,1.98,Low,4.45,8.56,240,1431.0
Pharmaceutical Plant E,2023-10-04,2824,Chromium,8.99,Cloudy,2.26,High,4.27,7.47,1889,1331.17
Textile Factory C,2023-10-05,2233,Lead,2.51,Cloudy,1.09,High,3.05,7.22,1678,442.4
Textile Factory C,2023-10-06,2105,Lead,9.28,Sunny,1.78,Low,2.75,8.71,116,331.54
Textile Factory C,2023-10-07,3063,Lead,0.7,Rainy,0.76,Low,4.99,7.81,1186,737.93
Paper Mill B,2023-10-08,3921,Arsenic,9.35,Cloudy,1.46,Low,1.92,7.73,352,60.63
Pharmaceutical Plant E,2023-10-09,4017,Arsenic,3.58,Stormy,1.72,Medium,3.19,7.68,564,87.42
Chemical Plant A,2023-10-10,2897,Cadmium,1.1,Cloudy,2.13,Medium,3.68,7.11,475,852.27
Steel Plant D,2023-10-11,4235,Mercury,4.91,Sunny,2.88,Medium,3.8,8.36,1927,804.65
Chemical Plant A,2023-10-12,3370,Chromium,2.64,Stormy,2.0,Low,1.82,6.76,1080,1492.14
Pharmaceutical Plant E,2023-10-13,1660,Chromium,2.92,Sunny,2.36,High,3.62,8.82,619,342.67
Steel Plant D,2023-10-14,742,Chromium,3.14,Cloudy,1.77,Low,4.27,8.68,1960,424.25
Pharmaceutical Plant E,2023-10-15,3090,Cadmium,8.05,Stormy,2.09,Medium,1.2,7.01,189,214.63
Textile Factory C,2023-10-16,1563,Arsenic,5.44,Rainy,0.68,Medium,4.65,8.19,819,1380.44
Steel Plant D,2023-10-17,4824,Cadmium,3.18,Rainy,1.14,Low,1.12,7.72,903,1177.83
Textile Factory C,2023-10-18,3095,Chromium,6.14,Stormy,1.4,Low,2.42,7.01,895,1242.39
Chemical Plant A,2023-10-19,1419,Mercury,7.19,Stormy,1.68,Medium,1.06,8.97,729,1359.01
Chemical Plant A,2023-10-20,505,Lead,2.8,Sunny,0.61,Medium,1.31,6.08,1984,811.1
Steel Plant D,2023-10-21,967,Arsenic,4.19,Stormy,0.85,Medium,4.64,6.76,1298,704.23
Steel Plant D,2023-10-22,4670,Arsenic,1.31,Sunny,1.19,Low,2.42,7.56,175,529.07
Pharmaceutical Plant E,2023-10-23,503,Cadmium,1.89,Cloudy,2.93,Medium,2.7,7.57,1736,904.36
Pharmaceutical Plant E,2023-10-24,1145,Arsenic,6.84,Sunny,1.33,Medium,1.86,7.77,1025,708.7
Textile Factory C,2023-10-25,617,Chromium,1.9,Stormy,1.71,High,3.39,8.26,1786,704.77
Steel Plant D,2023-10-26,3428,Chromium,5.3,Stormy,0.99,Low,3.38,7.87,499,1408.55
Chemical Plant A,2023-10-27,3051,Cadmium,7.12,Cloudy,2.03,High,2.49,7.8,1905,1476.85
Pharmaceutical Plant E,2023-10-28,4789,Chromium,1.16,Stormy,1.2,High,2.33,6.16,1069,1204.9
Pharmaceutical Plant E,2023-10-29,1346,Mercury,5.72,Stormy,1.02,Medium,4.54,7.13,1194,1147.3
Chemical Plant A,2023-10-30,3262,Cadmium,2.64,Rainy,1.79,Low,2.53,6.7,1303,1036.81
Pharmaceutical Plant E,2023-10-31,1641,Mercury,9.63,Rainy,0.51,Medium,2.97,6.8,1247,290.81
Textile Factory C,2023-11-01,2310,Lead,4.89,Cloudy,0.52,Low,2.13,7.66,1504,135.7
Steel Plant D,2023-11-02,1223,Mercury,8.08,Sunny,1.05,High,4.15,6.6,1416,1051.55
Chemical Plant A,2023-11-03,724,Lead,5.55,Rainy,0.59,Low,2.59,6.88,896,1106.74
Steel Plant D,2023-11-04,4708,Lead,0.53,Sunny,0.77,Medium,3.05,6.71,294,118.11
Pharmaceutical Plant E,2023-11-05,2548,Mercury,6.37,Stormy,1.35,Medium,2.01,8.85,327,1395.68
Pharmaceutical Plant E,2023-11-06,4915,Cadmium,9.52,Rainy,2.51,Medium,4.95,8.83,1554,182.15
Chemical Plant A,2023-11-07,2073,Chromium,6.06,Cloudy,1.93,Low,2.17,7.83,1559,464.56
Textile Factory C,2023-11-08,2328,Chromium,8.21,Cloudy,1.78,High,4.08,8.77,1910,1024.97
Paper Mill B,2023-11-09,2417,Lead,8.85,Cloudy,1.23,High,2.71,8.36,560,296.32
Chemical Plant A,2023-11-10,4734,Lead,2.36,Rainy,2.83,Low,1.82,7.77,717,130.35
Paper Mill B,2023-11-11,2526,Cadmium,2.2,Sunny,1.49,Medium,4.2,6.02,1144,530.16
Paper Mill B,2023-11-12,4244,Arsenic,6.15,Stormy,0.72,High,2.33,8.32,163,1160.66
Textile Factory C,2023-11-13,1401,Mercury,4.17,Sunny,2.04,Medium,4.46,8.11,264,649.83
Paper Mill B,2023-11-14,2539,Lead,8.41,Sunny,0.78,Low,4.66,7.85,126,996.81
Paper Mill B,2023-11-15,509,Chromium,9.01,Stormy,1.36,Medium,4.44,8.28,1434,890.45
Textile Factory C,2023-11-16,760,Cadmium,3.6,Stormy,1.77,High,1.14,7.54,1111,82.22
Paper Mill B,2023-11-17,2173,Mercury,2.45,Rainy,2.69,High,4.15,8.11,384,1483.38
Paper Mill B,2023-11-18,2719,Cadmium,7.83,Rainy,1.73,Medium,2.65,8.81,1783,110.07
Paper Mill B,2023-11-19,2560,Mercury,2.82,Rainy,2.26,Low,4.49,7.13,380,1453.31
Chemical Plant A,2023-11-20,4213,Mercury,8.24,Rainy,2.98,Medium,3.55,8.12,937,847.3
Chemical Plant A,2023-11-21,2119,Lead,4.3,Rainy,0.83,Low,4.33,7.43,930,1446.58
Chemical Plant A,2023-11-22,820,Cadmium,6.71,Stormy,1.19,Medium,3.0,8.02,1287,216.39
Textile Factory C,2023-11-23,1842,Cadmium,1.05,Sunny,1.49,High,3.14,8.29,1017,761.09
Pharmaceutical Plant E,2023-11-24,2876,Chromium,6.28,Rainy,1.55,Low,1.58,6.14,323,295.78
Paper Mill B,2023-11-25,3332,Chromium,4.57,Rainy,1.53,Low,4.14,7.94,883,123.91
Paper Mill B,2023-11-26,3324,Lead,5.91,Sunny,2.77,Low,2.68,6.68,1269,945.42
Textile Factory C,2023-11-27,2494,Lead,1.76,Rainy,2.29,High,3.0,8.01,1064,351.29
Paper Mill B,2023-11-28,3458,Arsenic,7.4,Sunny,2.02,Medium,4.14,7.4,1049,902.16
Chemical Plant A,2023-11-29,2538,Chromium,8.64,Sunny,1.27,High,3.4,8.32,1991,212.93
Pharmaceutical Plant E,2023-11-30,3990,Mercury,2.25,Stormy,2.56,Low,1.8,6.37,1153,531.38
Steel Plant D,2023-12-01,4177,Cadmium,1.05,Cloudy,2.89,Medium,3.36,7.88,144,1183.37
Paper Mill B,2023-12-02,1618,Lead,0.33,Stormy,2.55,High,2.63,6.84,1910,683.72
Chemical Plant A,2023-12-03,2104,Cadmium,6.46,Cloudy,0.5,Low,2.88,8.56,570,960.23
Steel Plant D,2023-12-04,4527,Cadmium,6.11,Cloudy,2.09,Low,1.11,8.79,133,988.81
Pharmaceutical Plant E,2023-12-05,735,Arsenic,5.51,Cloudy,0.63,High,1.84,8.99,752,1273.44
Steel Plant D,2023-12-06,2469,Chromium,2.4,Rainy,1.14,High,2.12,8.39,1550,521.14
Chemical Plant A,2023-12-07,4929,Lead,3.97,Stormy,0.65,High,3.85,8.26,929,1046.58
Steel Plant D,2023-12-08,2408,Cadmium,5.99,Cloudy,2.01,Low,1.05,6.65,320,1444.34
Textile Factory C,2023-12-09,875,Lead,5.02,Sunny,2.22,High,2.64,7.01,1991,1108.85
Steel Plant D,2023-12-10,4030,Mercury,9.88,Rainy,0.79,Low,4.7,7.4,633,760.31
Paper Mill B,2023-12-11,3135,Arsenic,1.45,Stormy,1.46,High,1.45,8.32,791,964.54
Paper Mill B,2023-12-12,2070,Mercury,6.98,Cloudy,1.64,Low,3.07,8.74,1490,1122.54
Textile Factory C,2023-12-13,3060,Lead,4.1,Sunny,1.42,Low,4.15,6.57,1031,937.8
Chemical Plant A,2023-12-14,3891,Lead,4.34,Stormy,0.8,Medium,4.77,8.77,940,74.18
Paper Mill B,2023-12-15,3465,Chromium,7.2,Stormy,1.55,High,3.99,8.09,1866,332.42
Pharmaceutical Plant E,2023-12-16,4143,Cadmium,6.96,Rainy,2.38,High,3.88,7.83,1110,1225.18
Paper Mill B,2023-12-17,4350,Cadmium,9.91,Stormy,0.68,Low,4.31,6.6,1673,445.34
Paper Mill B,2023-12-18,1372,Mercury,1.37,Rainy,0.7,Low,2.78,6.17,681,1110.77
Chemical Plant A,2023-12-19,1752,Arsenic,1.13,Cloudy,1.39,Low,4.22,7.71,1239,589.57
Steel Plant D,2023-12-20,1814,Cadmium,7.27,Rainy,2.85,Medium,1.03,7.95,338,806.73
Paper Mill B,2023-12-21,3398,Chromium,5.83,Sunny,2.17,Medium,4.7,6.63,1458,148.56
Textile Factory C,2023-12-22,577,Mercury,2.81,Rainy,2.2,Low,2.77,7.67,540,312.78
Steel Plant D,2023-12-23,3121,Mercury,0.89,Sunny,1.4,High,3.21,8.57,247,1437.94
Pharmaceutical Plant E,2023-12-24,4727,Chromium,0.95,Rainy,1.98,High,2.02,8.51,1132,1340.7
Chemical Plant A,2023-12-25,1100,Arsenic,8.95,Stormy,0.53,Medium,3.97,8.78,1411,995.8
Pharmaceutical Plant E,2023-12-26,1565,Chromium,2.0,Cloudy,2.09,Medium,1.31,7.1,487,716.48
Steel Plant D,2023-12-27,2636,Arsenic,3.3,Sunny,2.78,Low,4.49,6.95,1173,1029.85
Steel Plant D,2023-12-28,2949,Chromium,2.34,Rainy,2.03,High,4.31,8.25,1973,946.98
Steel Plant D,2023-12-29,2843,Chromium,3.61,Rainy,2.68,Low,1.86,7.29,1640,874.4
Pharmaceutical Plant E,2023-12-30,2363,Lead,0.79,Rainy,2.31,Medium,4.24,6.26,1015,135.81
Steel Plant D,2023-12-31,1818,Mercury,5.24,Stormy,0.8,High,4.15,6.85,1978,967.56
Pharmaceutical Plant E,2024-01-01,4097,Chromium,0.77,Stormy,2.76,High,3.53,7.26,737,1164.93
Steel Plant D,2024-01-02,4262,Chromium,8.02,Sunny,0.67,Medium,2.49,6.88,1710,1491.42
Textile Factory C,2024-01-03,2690,Cadmium,2.41,Sunny,1.83,Low,2.09,7.0,1800,66.06
Steel Plant D,2024-01-04,1492,Mercury,5.45,Stormy,0.86,Low,1.93,6.88,377,1108.75
Pharmaceutical Plant E,2024-01-05,3212,Cadmium,8.81,Sunny,0.53,High,2.27,6.12,1959,879.09
Paper Mill B,2024-01-06,2692,Mercury,6.54,Cloudy,1.56,Medium,4.61,7.91,1088,679.38
Steel Plant D,2024-01-07,1748,Cadmium,5.38,Cloudy,1.24,High,1.31,7.79,1423,234.98
Paper Mill B,2024-01-08,3554,Chromium,3.31,Stormy,1.72,Medium,4.32,7.96,1925,643.17
Textile Factory C,2024-01-09,4533,Chromium,3.4,Sunny,1.94,Low,2.4,6.58,688,563.85
Chemical Plant A,2024-01-10,2497,Lead,6.73,Rainy,0.61,Medium,3.09,6.89,1933,489.1
Textile Factory C,2024-01-11,4187,Cadmium,9.94,Cloudy,0.81,Low,4.18,7.86,748,1109.78
Steel Plant D,2024-01-12,2651,Arsenic,6.65,Stormy,1.9,Medium,4.54,7.8,717,1066.05
Paper Mill B,2024-01-13,4518,Lead,5.62,Sunny,1.36,High,2.38,7.52,1730,904.08
Paper Mill B,2024-01-14,3610,Cadmium,7.33,Stormy,2.32,Low,2.85,7.05,234,1411.06
Pharmaceutical Plant E,2024-01-15,2470,Cadmium,4.71,Rainy,2.13,High,2.66,8.74,679,557.29
Paper Mill B,2024-01-16,697,Lead,0.7,Cloudy,2.61,High,1.05,7.02,1270,403.51
Pharmaceutical Plant E,2024-01-17,3126,Chromium,5.67,Stormy,2.23,Low,2.18,7.37,589,1001.06
Chemical Plant A,2024-01-18,1702,Cadmium,9.58,Stormy,1.57,Low,2.84,8.03,577,338.28
Steel Plant D,2024-01-19,2535,Chromium,1.84,Stormy,2.18,High,2.64,7.63,1282,506.77
Pharmaceutical Plant E,2024-01-20,977,Lead,6.93,Rainy,1.19,High,3.89,7.04,483,375.67
Chemical Plant A,2024-01-21,1754,Chromium,2.09,Stormy,1.27,High,2.54,7.31,262,150.27
Paper Mill B,2024-01-22,1422,Mercury,5.4,Rainy,2.47,High,2.96,8.38,540,1249.87
Paper Mill B,2024-01-23,919,Arsenic,1.06,Rainy,1.62,Low,2.72,6.83,1976,419.08
Chemical Plant A,2024-01-24,2704,Cadmium,4.56,Rainy,2.5,Low,3.96,6.43,1312,735.89
Paper Mill B,2024-01-25,3097,Arsenic,7.59,Cloudy,2.56,High,4.45,6.94,514,112.81
Chemical Plant A,2024-01-26,1620,Chromium,3.54,Cloudy,2.64,Medium,3.13,8.55,1462,1064.04
Pharmaceutical Plant E,2024-01-27,3568,Cadmium,6.68,Stormy,2.79,Medium,4.16,6.27,1730,529.31
Pharmaceutical Plant E,2024-01-28,1450,Chromium,7.97,Stormy,1.58,Low,2.19,8.98,1304,1129.87
Chemical Plant A,2024-01-29,2836,Mercury,9.28,Cloudy,1.3,High,3.17,7.62,387,647.98
Pharmaceutical Plant E,2024-01-30,2743,Lead,2.42,Sunny,1.96,High,2.38,8.95,1957,333.85
Pharmaceutical Plant E,2024-01-31,3145,Cadmium,4.05,Cloudy,1.43,Low,2.66,8.82,286,794.1
Pharmaceutical Plant E,2024-02-01,2357,Mercury,1.61,Rainy,2.0,Medium,3.93,7.36,1261,239.23
Textile Factory C,2024-02-02,2365,Mercury,9.93,Cloudy,2.26,Medium,4.53,6.6,229,688.78
Steel Plant D,2024-02-03,3412,Cadmium,9.28,Rainy,2.22,Medium,1.49,6.49,293,510.09
Paper Mill B,2024-02-04,3353,Chromium,5.45,Stormy,1.44,Low,3.54,6.72,415,1372.34
Textile Factory C,2024-02-05,3728,Mercury,8.44,Sunny,0.92,Medium,3.33,8.13,1908,138.35
Pharmaceutical Plant E,2024-02-06,4219,Arsenic,5.26,Stormy,1.58,Low,1.47,6.82,1987,1056.33
Chemical Plant A,2024-02-07,3728,Mercury,6.27,Rainy,0.86,Low,1.85,7.02,243,314.99
Pharmaceutical Plant E,2024-02-08,2871,Chromium,0.98,Rainy,2.73,High,2.24,7.35,115,512.62
Steel Plant D,2024-02-09,3391,Chromium,7.58,Rainy,1.36,Medium,1.67,8.74,1425,652.5
Pharmaceutical Plant E,2024-02-10,4256,Arsenic,1.36,Sunny,0.89,Low,1.97,6.57,522,1366.62
Chemical Plant A,2024-02-11,4725,Mercury,8.28,Cloudy,0.56,Medium,2.07,6.02,344,401.74
Steel Plant D,2024-02-12,594,Chromium,7.84,Stormy,2.11,Medium,2.34,6.18,1026,182.4
Pharmaceutical Plant E,2024-02-13,3174,Cadmium,7.12,Stormy,2.09,High,4.0,8.71,1230,512.1
Steel Plant D,2024-02-14,2455,Lead,0.46,Cloudy,1.35,Medium,3.29,7.94,1211,201.78
Paper Mill B,2024-02-15,1293,Lead,3.1,Stormy,0.68,High,4.94,6.82,228,236.46
Paper Mill B,2024-02-16,2334,Lead,2.7,Sunny,1.52,Low,2.66,6.53,1006,882.08
Pharmaceutical Plant E,2024-02-17,2616,Mercury,3.67,Stormy,1.28,Medium,4.02,6.88,986,138.31
Steel Plant D,2024-02-18,4606,Arsenic,0.97,Rainy,2.19,Low,4.49,6.34,440,94.85
Chemical Plant A,2024-02-19,3825,Chromium,9.38,Cloudy,2.01,Medium,3.72,8.82,103,1085.9
Pharmaceutical Plant E,2024-02-20,3419,Cadmium,5.58,Sunny,1.41,Low,2.65,8.35,1450,574.39
Paper Mill B,2024-02-21,3097,Cadmium,3.12,Cloudy,1.04,Medium,4.01,7.39,1533,231.79
Paper Mill B,2024-02-22,3705,Mercury,4.03,Sunny,2.97,Medium,1.81,8.59,405,417.74
Pharmaceutical Plant E,2024-02-23,1314,Lead,4.53,Rainy,1.64,Medium,2.31,6.75,1007,981.03
Steel Plant D,2024-02-24,845,Mercury,6.05,Cloudy,2.22,Medium,3.19,8.15,706,449.53
Paper Mill B,2024-02-25,2849,Arsenic,5.21,Stormy,0.85,Medium,3.3,8.57,1844,767.06
Steel Plant D,2024-02-26,862,Arsenic,9.2,Sunny,1.71,Medium,1.09,7.07,1348,226.46
Paper Mill B,2024-02-27,2943,Chromium,5.02,Cloudy,0.57,Medium,4.78,8.27,1471,902.74
Paper Mill B,2024-02-28,2765,Chromium,9.92,Stormy,1.76,Medium,3.79,6.89,1091,508.31
Textile Factory C,2024-02-29,2688,Arsenic,8.53,Cloudy,2.91,Medium,2.98,6.9,420,959.1
Paper Mill B,2024-03-01,3505,Arsenic,2.16,Cloudy,1.46,Low,4.73,6.32,658,1222.17
Chemical Plant A,2024-03-02,3781,Arsenic,9.31,Cloudy,0.6,High,2.76,7.32,1304,936.89
Pharmaceutical Plant E,2024-03-03,1484,Mercury,1.25,Sunny,0.58,Medium,4.92,8.19,717,478.83
Pharmaceutical Plant E,2024-03-04,2139,Arsenic,8.19,Stormy,1.47,High,3.05,8.82,810,420.83
Steel Plant D,2024-03-05,1327,Cadmium,3.87,Rainy,0.9,Medium,1.46,7.81,1509,524.76
Paper Mill B,2024-03-06,3230,Lead,8.79,Sunny,0.56,Medium,4.06,8.59,1741,288.7
Chemical Plant A,2024-03-07,4031,Arsenic,8.69,Sunny,2.39,Low,3.72,8.47,1915,312.7
Steel Plant D,2024-03-08,4951,Lead,8.08,Sunny,1.65,Low,4.09,6.52,1895,1196.5
Textile Factory C,2024-03-09,3435,Mercury,7.92,Rainy,1.22,High,4.81,7.46,1231,607.86
Steel Plant D,2024-03-10,4376,Lead,3.12,Stormy,2.75,Low,4.11,6.35,630,682.19
Steel Plant D,2024-03-11,626,Mercury,0.9,Stormy,0.79,Low,3.45,8.05,509,911.37
Paper Mill B,2024-03-12,3677,Cadmium,4.09,Stormy,2.89,High,4.43,8.85,1419,905.0
Textile Factory C,2024-03-13,3556,Mercury,1.82,Cloudy,1.28,Low,3.69,6.41,917,147.7
Steel Plant D,2024-03-14,1103,Mercury,6.98,Cloudy,2.72,Medium,2.63,8.2,1294,1255.73
Chemical Plant A,2024-03-15,3949,Chromium,3.53,Cloudy,2.01,High,4.54,7.9,1454,307.12
Chemical Plant A,2024-03-16,4646,Arsenic,9.76,Rainy,2.57,High,1.89,7.75,592,1098.45
Pharmaceutical Plant E,2024-03-17,4033,Arsenic,6.45,Cloudy,2.96,Medium,3.86,7.17,1318,1170.37
Textile Factory C,2024-03-18,3867,Cadmium,8.24,Rainy,1.22,Low,4.53,7.07,111,1086.6
Textile Factory C,2024-03-19,3868,Cadmium,1.41,Stormy,2.9,High,3.93,6.14,294,889.52
Pharmaceutical Plant E,2024-03-20,4297,Arsenic,8.63,Cloudy,1.47,High,3.79,6.65,589,71.18
Steel Plant D,2024-03-21,2292,Chromium,9.24,Cloudy,1.46,Medium,4.01,6.05,894,572.54
Textile Factory C,2024-03-22,3361,Arsenic,4.92,Sunny,1.35,Medium,2.86,7.74,980,927.02
Chemical Plant A,2024-03-23,3976,Chromium,6.1,Rainy,1.85,Low,4.5,6.32,281,611.8
Chemical Plant A,2024-03-24,3917,Cadmium,7.67,Stormy,0.89,High,1.81,8.62,1061,1302.05
Paper Mill B,2024-03-25,2145,Lead,1.83,Sunny,1.88,Low,1.51,7.57,1940,497.76
Textile Factory C,2024-03-26,1705,Cadmium,5.08,Sunny,1.85,Low,2.14,8.1,755,475.63
Steel Plant D,2024-03-27,3530,Cadmium,4.05,Stormy,2.4,Medium,3.13,7.23,1439,435.7
Pharmaceutical Plant E,2024-03-28,3372,Mercury,1.55,Sunny,2.58,High,3.04,7.68,793,532.53
Pharmaceutical Plant E,2024-03-29,3572,Mercury,3.74,Rainy,1.6,High,4.28,8.83,129,858.24
Steel Plant D,2024-03-30,2354,Mercury,0.77,Rainy,1.26,High,2.62,6.25,1719,1075.17
Paper Mill B,2024-03-31,4521,Mercury,0.36,Cloudy,1.15,Medium,2.94,6.76,1801,1010.72
Pharmaceutical Plant E,2024-04-01,3208,Chromium,1.44,Sunny,0.99,Medium,1.05,8.34,1919,1221.19
Textile Factory C,2024-04-02,4002,Arsenic,9.63,Cloudy,0.64,Medium,2.64,6.3,1916,1334.58
Paper Mill B,2024-04-03,1832,Lead,5.54,Sunny,1.36,Medium,3.59,6.23,1219,1233.31
Textile Factory C,2024-04-04,701,Cadmium,9.66,Rainy,1.18,Medium,1.06,7.08,1504,77.47
Chemical Plant A,2024-04-05,4007,Chromium,4.38,Rainy,2.92,High,2.12,6.28,877,1117.08
Paper Mill B,2024-04-06,4712,Lead,3.19,Rainy,1.89,Low,1.83,7.76,543,352.18
Pharmaceutical Plant E,2024-04-07,1074,Chromium,5.11,Sunny,1.37,High,1.17,6.68,397,242.75
Paper Mill B,2024-04-08,1036,Chromium,4.45,Rainy,1.95,Low,2.92,8.69,907,975.81
Paper Mill B,2024-04-09,2125,Cadmium,1.15,Sunny,0.85,Medium,1.73,8.35,1860,513.63
Paper Mill B,2024-04-10,2622,Arsenic,6.44,Cloudy,1.61,Low,3.97,8.1,944,132.82
Paper Mill B,2024-04-11,885,Mercury,2.24,Sunny,2.07,High,4.39,7.85,1115,249.56
Textile Factory C,2024-04-12,3781,Arsenic,6.23,Cloudy,1.72,High,3.18,8.59,1484,51.35
Chemical Plant A,2024-04-13,974,Cadmium,6.54,Sunny,1.5,Low,4.93,6.67,1497,1359.67
Steel Plant D,2024-04-14,917,Cadmium,1.61,Cloudy,2.98,Medium,2.8,8.62,653,85.7
Paper Mill B,2024-04-15,4100,Cadmium,0.71,Rainy,2.7,Medium,3.05,8.37,402,353.71
Pharmaceutical Plant E,2024-04-16,1454,Lead,7.83,Cloudy,2.06,High,4.96,8.24,520,653.58
Paper Mill B,2024-04-17,1705,Arsenic,4.65,Rainy,1.92,Low,1.93,7.68,1369,567.03
Pharmaceutical Plant E,2024-04-18,4620,Arsenic,0.68,Rainy,2.05,Medium,4.77,6.74,1843,1372.0
Textile Factory C,2024-04-19,2490,Chromium,9.95,Cloudy,1.0,Medium,1.17,7.27,1360,108.42
Pharmaceutical Plant E,2024-04-20,4072,Chromium,0.67,Sunny,1.49,High,2.79,8.38,1657,792.71
Steel Plant D,2024-04-21,4880,Chromium,6.98,Sunny,0.6,Medium,1.28,6.1,284,1036.7
Chemical Plant A,2024-04-22,4658,Cadmium,9.84,Stormy,1.69,Low,3.92,8.35,567,1400.96
Pharmaceutical Plant E,2024-04-23,3213,Arsenic,2.47,Sunny,1.86,High,3.43,6.72,853,949.54
Pharmaceutical Plant E,2024-04-24,2703,Cadmium,1.51,Stormy,1.07,High,3.83,6.43,462,1215.45
Chemical Plant A,2024-04-25,3620,Lead,1.3,Sunny,2.91,Low,2.5,6.35,1406,171.4
Steel Plant D,2024-04-26,1466,Chromium,3.1,Sunny,2.77,High,2.48,6.08,1676,609.61
Paper Mill B,2024-04-27,3932,Cadmium,1.1,Rainy,2.31,Medium,1.18,7.57,435,592.22
Pharmaceutical Plant E,2024-04-28,1188,Cadmium,6.95,Stormy,1.83,Medium,2.4,6.65,261,1335.12
Chemical Plant A,2024-04-29,4743,Lead,0.72,Sunny,2.67,Low,4.72,8.97,1283,269.49
Textile Factory C,2024-04-30,4201,Mercury,5.14,Stormy,0.83,Medium,2.52,7.72,1597,270.23
Chemical Plant A,2024-05-01,841,Arsenic,9.97,Rainy,2.48,Low,4.33,6.41,1724,526.41
Textile Factory C,2024-05-02,2224,Mercury,8.16,Rainy,0.81,Low,4.37,8.07,1445,128.98
Steel Plant D,2024-05-03,4922,Chromium,6.19,Stormy,2.49,Medium,2.49,8.69,111,314.56
Paper Mill B,2024-05-04,2292,Cadmium,3.13,Rainy,1.19,Low,3.53,8.24,1547,1449.55
Chemical Plant A,2024-05-05,2259,Lead,6.28,Cloudy,2.69,Medium,1.38,6.23,1196,670.87
Pharmaceutical Plant E,2024-05-06,3712,Lead,5.32,Cloudy,2.86,High,1.41,8.69,687,966.43
Steel Plant D,2024-05-07,1489,Arsenic,4.32,Rainy,0.87,High,1.19,8.38,1981,1102.86
Chemical Plant A,2024-05-08,2762,Mercury,1.39,Cloudy,1.66,Low,3.32,6.47,300,582.09
Pharmaceutical Plant E,2024-05-09,2982,Arsenic,8.88,Sunny,2.95,Medium,2.7,6.16,621,263.48
Chemical Plant A,2024-05-10,1451,Cadmium,4.55,Stormy,1.71,Medium,3.19,7.67,1987,349.54
Textile Factory C,2024-05-11,1222,Arsenic,2.03,Sunny,2.66,High,3.08,6.47,604,504.24
Chemical Plant A,2024-05-12,3889,Lead,3.74,Stormy,1.97,High,2.4,8.5,1861,972.3
Chemical Plant A,2024-05-13,2579,Lead,4.2,Rainy,1.44,Medium,3.71,7.08,1811,627.51
Chemical Plant A,2024-05-14,3217,Chromium,8.29,Sunny,1.21,Low,4.03,8.74,887,59.88
